{"cameraMode":{"drawMode":0,"name":"Shaded","section":"Shading Mode"},"sceneLighting":false,"audioPlay":false,"sceneViewState":{"m_AlwaysRefresh":false,"showFog":true,"showSkybox":false,"showFlares":true,"showImageEffects":true,"showParticleSystems":true,"showVisualEffectGraphs":true,"m_FxEnabled":true},"in2DMode":false,"pivot":{"x":0.18480001389980317,"y":0.3910231292247772,"z":0.0003160536289215088},"rotation":{"x":0.09975875169038773,"y":-0.6973558068275452,"z":0.09898412972688675,"w":0.7028141021728516},"size":0.1337045282125473,"orthographic":false}