{"cameraMode":{"drawMode":0,"name":"Shaded","section":"Shading Mode"},"sceneLighting":true,"audioPlay":false,"sceneViewState":{"m_AlwaysRefresh":false,"showFog":true,"showSkybox":true,"showFlares":true,"showImageEffects":true,"showParticleSystems":true,"showVisualEffectGraphs":true,"m_FxEnabled":true},"in2DMode":false,"pivot":{"x":1.4077248573303223,"y":1.6850112676620484,"z":0.7077146172523499},"rotation":{"x":-0.2946125268936157,"y":-0.04613598436117172,"z":0.014241677708923817,"w":-0.954398512840271},"size":2.6574392318725588,"orthographic":false}