{"cameraMode":{"drawMode":0,"name":"Shaded","section":"Shading Mode"},"sceneLighting":true,"audioPlay":false,"sceneViewState":{"m_AlwaysRefresh":false,"showFog":true,"showSkybox":true,"showFlares":true,"showImageEffects":true,"showParticleSystems":true,"showVisualEffectGraphs":true,"m_FxEnabled":true},"in2DMode":false,"pivot":{"x":-135.46542358398438,"y":4.613986968994141,"z":74.16349029541016},"rotation":{"x":0.010844600386917591,"y":0.40367206931114199,"z":0.000699808239005506,"w":-0.9157122373580933},"size":53.979766845703128,"orthographic":false}