{"cameraMode":{"drawMode":0,"name":"Shaded","section":"Shading Mode"},"sceneLighting":true,"audioPlay":false,"sceneViewState":{"m_AlwaysRefresh":false,"showFog":true,"showSkybox":true,"showFlares":true,"showImageEffects":true,"showParticleSystems":true,"showVisualEffectGraphs":true,"m_FxEnabled":true},"in2DMode":false,"pivot":{"x":-2.6482350826263429,"y":-0.12954282760620118,"z":5.142230987548828},"rotation":{"x":-0.18050990998744965,"y":0.3459357023239136,"z":-0.06800467520952225,"w":-0.9182252287864685},"size":8.669746398925782,"orthographic":false}