{"cameraMode":{"drawMode":0,"name":"Shaded","section":"Shading Mode"},"sceneLighting":true,"audioPlay":false,"sceneViewState":{"m_AlwaysRefresh":false,"showFog":true,"showSkybox":true,"showFlares":true,"showImageEffects":true,"showParticleSystems":true,"showVisualEffectGraphs":true,"m_FxEnabled":true},"in2DMode":false,"pivot":{"x":0.627453625202179,"y":0.7722211480140686,"z":0.15751969814300538},"rotation":{"x":-0.2946125268936157,"y":-0.04613598436117172,"z":0.014241677708923817,"w":-0.954398512840271},"size":6.373811721801758,"orthographic":false}